{"cameraMode":{"drawMode":0,"name":"Shaded","section":"Shading Mode"},"sceneLighting":true,"audioPlay":false,"sceneViewState":{"showFog":true,"showMaterialUpdate":false,"showSkybox":true,"showFlares":true,"showImageEffects":true,"showParticleSystems":true},"in2DMode":false,"pivot":{"x":1.1558301448822022,"y":-0.07262325286865235,"z":2.6867058277130129},"rotation":{"x":0.6887199878692627,"y":0.01413427758961916,"z":-0.013432282023131848,"w":0.7247704267501831},"size":4.166025161743164,"orthographic":false}